"","table.ID","line","shortname","longname","table.title","universe","subject","longname2","longname.unique"
"1","KEY",0,"KEY","KEY","0","0","0","KEY","KEY"
"2","FIPS",0,"FIPS","FIPS","0","0","0","FIPS","FIPS"
"3","STUSAB",0,"STUSAB","STUSAB","0","0","0","STUSAB","STUSAB"
"4","GEOID",0,"GEOID","GEOID","0","0","0","GEOID","GEOID"
"B01001.001","B01001",1,"B01001.001","Total:","SEX BY AGE","Universe:  Total Population","Age-Sex","Total","Total:|SEX BY AGE"
"B01001.001.m","B01001",1,"B01001.001.m","MOE for Total:","SEX BY AGE","Universe:  Total Population","Age-Sex","MOE for Total","MOE for Total:|SEX BY AGE"
"B01001.002","B01001",2,"B01001.002","Male:","SEX BY AGE","Universe:  Total Population","Age-Sex","Male","Male:|SEX BY AGE"
"B01001.002.m","B01001",2,"B01001.002.m","MOE for Male:","SEX BY AGE","Universe:  Total Population","Age-Sex","MOE for Male","MOE for Male:|SEX BY AGE"
"B01001.003","B01001",3,"B01001.003","Under 5 years","SEX BY AGE","Universe:  Total Population","Age-Sex","Under5years","Under 5 years|SEX BY AGE"
"B01001.003.m","B01001",3,"B01001.003.m","MOE for Under 5 years","SEX BY AGE","Universe:  Total Population","Age-Sex","MOE for Under5years","MOE for Under 5 years|SEX BY AGE"
"B01001.004","B01001",4,"B01001.004","5 to 9 years","SEX BY AGE","Universe:  Total Population","Age-Sex","5to9years","5 to 9 years|SEX BY AGE"
"B01001.004.m","B01001",4,"B01001.004.m","MOE for 5 to 9 years","SEX BY AGE","Universe:  Total Population","Age-Sex","MOE for 5to9years","MOE for 5 to 9 years|SEX BY AGE"
"B01001.005","B01001",5,"B01001.005","10 to 14 years","SEX BY AGE","Universe:  Total Population","Age-Sex","10to14years","10 to 14 years|SEX BY AGE"
"B01001.005.m","B01001",5,"B01001.005.m","MOE for 10 to 14 years","SEX BY AGE","Universe:  Total Population","Age-Sex","MOE for 10to14years","MOE for 10 to 14 years|SEX BY AGE"
"B01001.006","B01001",6,"B01001.006","15 to 17 years","SEX BY AGE","Universe:  Total Population","Age-Sex","15to17years","15 to 17 years|SEX BY AGE"
"B01001.006.m","B01001",6,"B01001.006.m","MOE for 15 to 17 years","SEX BY AGE","Universe:  Total Population","Age-Sex","MOE for 15to17years","MOE for 15 to 17 years|SEX BY AGE"
"B01001.007","B01001",7,"B01001.007","18 and 19 years","SEX BY AGE","Universe:  Total Population","Age-Sex","18and19years","18 and 19 years|SEX BY AGE"
"B01001.007.m","B01001",7,"B01001.007.m","MOE for 18 and 19 years","SEX BY AGE","Universe:  Total Population","Age-Sex","MOE for 18and19years","MOE for 18 and 19 years|SEX BY AGE"
"B01001.008","B01001",8,"B01001.008","20 years","SEX BY AGE","Universe:  Total Population","Age-Sex","20years","20 years|SEX BY AGE"
"B01001.008.m","B01001",8,"B01001.008.m","MOE for 20 years","SEX BY AGE","Universe:  Total Population","Age-Sex","MOE for 20years","MOE for 20 years|SEX BY AGE"
"B01001.009","B01001",9,"B01001.009","21 years","SEX BY AGE","Universe:  Total Population","Age-Sex","21years","21 years|SEX BY AGE"
"B01001.009.m","B01001",9,"B01001.009.m","MOE for 21 years","SEX BY AGE","Universe:  Total Population","Age-Sex","MOE for 21years","MOE for 21 years|SEX BY AGE"
"B01001.010","B01001",10,"B01001.010","22 to 24 years","SEX BY AGE","Universe:  Total Population","Age-Sex","22to24years","22 to 24 years|SEX BY AGE"
"B01001.010.m","B01001",10,"B01001.010.m","MOE for 22 to 24 years","SEX BY AGE","Universe:  Total Population","Age-Sex","MOE for 22to24years","MOE for 22 to 24 years|SEX BY AGE"
"B01001.011","B01001",11,"B01001.011","25 to 29 years","SEX BY AGE","Universe:  Total Population","Age-Sex","25to29years","25 to 29 years|SEX BY AGE"
"B01001.011.m","B01001",11,"B01001.011.m","MOE for 25 to 29 years","SEX BY AGE","Universe:  Total Population","Age-Sex","MOE for 25to29years","MOE for 25 to 29 years|SEX BY AGE"
"B01001.012","B01001",12,"B01001.012","30 to 34 years","SEX BY AGE","Universe:  Total Population","Age-Sex","30to34years","30 to 34 years|SEX BY AGE"
"B01001.012.m","B01001",12,"B01001.012.m","MOE for 30 to 34 years","SEX BY AGE","Universe:  Total Population","Age-Sex","MOE for 30to34years","MOE for 30 to 34 years|SEX BY AGE"
"B01001.013","B01001",13,"B01001.013","35 to 39 years","SEX BY AGE","Universe:  Total Population","Age-Sex","35to39years","35 to 39 years|SEX BY AGE"
"B01001.013.m","B01001",13,"B01001.013.m","MOE for 35 to 39 years","SEX BY AGE","Universe:  Total Population","Age-Sex","MOE for 35to39years","MOE for 35 to 39 years|SEX BY AGE"
"B01001.014","B01001",14,"B01001.014","40 to 44 years","SEX BY AGE","Universe:  Total Population","Age-Sex","40to44years","40 to 44 years|SEX BY AGE"
"B01001.014.m","B01001",14,"B01001.014.m","MOE for 40 to 44 years","SEX BY AGE","Universe:  Total Population","Age-Sex","MOE for 40to44years","MOE for 40 to 44 years|SEX BY AGE"
"B01001.015","B01001",15,"B01001.015","45 to 49 years","SEX BY AGE","Universe:  Total Population","Age-Sex","45to49years","45 to 49 years|SEX BY AGE"
"B01001.015.m","B01001",15,"B01001.015.m","MOE for 45 to 49 years","SEX BY AGE","Universe:  Total Population","Age-Sex","MOE for 45to49years","MOE for 45 to 49 years|SEX BY AGE"
"B01001.016","B01001",16,"B01001.016","50 to 54 years","SEX BY AGE","Universe:  Total Population","Age-Sex","50to54years","50 to 54 years|SEX BY AGE"
"B01001.016.m","B01001",16,"B01001.016.m","MOE for 50 to 54 years","SEX BY AGE","Universe:  Total Population","Age-Sex","MOE for 50to54years","MOE for 50 to 54 years|SEX BY AGE"
"B01001.017","B01001",17,"B01001.017","55 to 59 years","SEX BY AGE","Universe:  Total Population","Age-Sex","55to59years","55 to 59 years|SEX BY AGE"
"B01001.017.m","B01001",17,"B01001.017.m","MOE for 55 to 59 years","SEX BY AGE","Universe:  Total Population","Age-Sex","MOE for 55to59years","MOE for 55 to 59 years|SEX BY AGE"
"B01001.018","B01001",18,"B01001.018","60 and 61 years","SEX BY AGE","Universe:  Total Population","Age-Sex","60and61years","60 and 61 years|SEX BY AGE"
"B01001.018.m","B01001",18,"B01001.018.m","MOE for 60 and 61 years","SEX BY AGE","Universe:  Total Population","Age-Sex","MOE for 60and61years","MOE for 60 and 61 years|SEX BY AGE"
"B01001.019","B01001",19,"B01001.019","62 to 64 years","SEX BY AGE","Universe:  Total Population","Age-Sex","62to64years","62 to 64 years|SEX BY AGE"
"B01001.019.m","B01001",19,"B01001.019.m","MOE for 62 to 64 years","SEX BY AGE","Universe:  Total Population","Age-Sex","MOE for 62to64years","MOE for 62 to 64 years|SEX BY AGE"
"B01001.020","B01001",20,"B01001.020","65 and 66 years","SEX BY AGE","Universe:  Total Population","Age-Sex","65and66years","65 and 66 years|SEX BY AGE"
"B01001.020.m","B01001",20,"B01001.020.m","MOE for 65 and 66 years","SEX BY AGE","Universe:  Total Population","Age-Sex","MOE for 65and66years","MOE for 65 and 66 years|SEX BY AGE"
"B01001.021","B01001",21,"B01001.021","67 to 69 years","SEX BY AGE","Universe:  Total Population","Age-Sex","67to69years","67 to 69 years|SEX BY AGE"
"B01001.021.m","B01001",21,"B01001.021.m","MOE for 67 to 69 years","SEX BY AGE","Universe:  Total Population","Age-Sex","MOE for 67to69years","MOE for 67 to 69 years|SEX BY AGE"
"B01001.022","B01001",22,"B01001.022","70 to 74 years","SEX BY AGE","Universe:  Total Population","Age-Sex","70to74years","70 to 74 years|SEX BY AGE"
"B01001.022.m","B01001",22,"B01001.022.m","MOE for 70 to 74 years","SEX BY AGE","Universe:  Total Population","Age-Sex","MOE for 70to74years","MOE for 70 to 74 years|SEX BY AGE"
"B01001.023","B01001",23,"B01001.023","75 to 79 years","SEX BY AGE","Universe:  Total Population","Age-Sex","75to79years","75 to 79 years|SEX BY AGE"
"B01001.023.m","B01001",23,"B01001.023.m","MOE for 75 to 79 years","SEX BY AGE","Universe:  Total Population","Age-Sex","MOE for 75to79years","MOE for 75 to 79 years|SEX BY AGE"
"B01001.024","B01001",24,"B01001.024","80 to 84 years","SEX BY AGE","Universe:  Total Population","Age-Sex","80to84years","80 to 84 years|SEX BY AGE"
"B01001.024.m","B01001",24,"B01001.024.m","MOE for 80 to 84 years","SEX BY AGE","Universe:  Total Population","Age-Sex","MOE for 80to84years","MOE for 80 to 84 years|SEX BY AGE"
"B01001.025","B01001",25,"B01001.025","85 years and over","SEX BY AGE","Universe:  Total Population","Age-Sex","85yearsandover","85 years and over|SEX BY AGE"
"B01001.025.m","B01001",25,"B01001.025.m","MOE for 85 years and over","SEX BY AGE","Universe:  Total Population","Age-Sex","MOE for 85yearsandover","MOE for 85 years and over|SEX BY AGE"
"B01001.026","B01001",26,"B01001.026","Female:","SEX BY AGE","Universe:  Total Population","Age-Sex","Female","Female:|SEX BY AGE"
"B01001.026.m","B01001",26,"B01001.026.m","MOE for Female:","SEX BY AGE","Universe:  Total Population","Age-Sex","MOE for Female","MOE for Female:|SEX BY AGE"
"B01001.027","B01001",27,"B01001.027","Under 5 years","SEX BY AGE","Universe:  Total Population","Age-Sex","Under5years","Under 5 years|SEX BY AGE"
"B01001.027.m","B01001",27,"B01001.027.m","MOE for Under 5 years","SEX BY AGE","Universe:  Total Population","Age-Sex","MOE for Under5years","MOE for Under 5 years|SEX BY AGE"
"B01001.028","B01001",28,"B01001.028","5 to 9 years","SEX BY AGE","Universe:  Total Population","Age-Sex","5to9years","5 to 9 years|SEX BY AGE"
"B01001.028.m","B01001",28,"B01001.028.m","MOE for 5 to 9 years","SEX BY AGE","Universe:  Total Population","Age-Sex","MOE for 5to9years","MOE for 5 to 9 years|SEX BY AGE"
"B01001.029","B01001",29,"B01001.029","10 to 14 years","SEX BY AGE","Universe:  Total Population","Age-Sex","10to14years","10 to 14 years|SEX BY AGE"
"B01001.029.m","B01001",29,"B01001.029.m","MOE for 10 to 14 years","SEX BY AGE","Universe:  Total Population","Age-Sex","MOE for 10to14years","MOE for 10 to 14 years|SEX BY AGE"
"B01001.030","B01001",30,"B01001.030","15 to 17 years","SEX BY AGE","Universe:  Total Population","Age-Sex","15to17years","15 to 17 years|SEX BY AGE"
"B01001.030.m","B01001",30,"B01001.030.m","MOE for 15 to 17 years","SEX BY AGE","Universe:  Total Population","Age-Sex","MOE for 15to17years","MOE for 15 to 17 years|SEX BY AGE"
"B01001.031","B01001",31,"B01001.031","18 and 19 years","SEX BY AGE","Universe:  Total Population","Age-Sex","18and19years","18 and 19 years|SEX BY AGE"
"B01001.031.m","B01001",31,"B01001.031.m","MOE for 18 and 19 years","SEX BY AGE","Universe:  Total Population","Age-Sex","MOE for 18and19years","MOE for 18 and 19 years|SEX BY AGE"
"B01001.032","B01001",32,"B01001.032","20 years","SEX BY AGE","Universe:  Total Population","Age-Sex","20years","20 years|SEX BY AGE"
"B01001.032.m","B01001",32,"B01001.032.m","MOE for 20 years","SEX BY AGE","Universe:  Total Population","Age-Sex","MOE for 20years","MOE for 20 years|SEX BY AGE"
"B01001.033","B01001",33,"B01001.033","21 years","SEX BY AGE","Universe:  Total Population","Age-Sex","21years","21 years|SEX BY AGE"
"B01001.033.m","B01001",33,"B01001.033.m","MOE for 21 years","SEX BY AGE","Universe:  Total Population","Age-Sex","MOE for 21years","MOE for 21 years|SEX BY AGE"
"B01001.034","B01001",34,"B01001.034","22 to 24 years","SEX BY AGE","Universe:  Total Population","Age-Sex","22to24years","22 to 24 years|SEX BY AGE"
"B01001.034.m","B01001",34,"B01001.034.m","MOE for 22 to 24 years","SEX BY AGE","Universe:  Total Population","Age-Sex","MOE for 22to24years","MOE for 22 to 24 years|SEX BY AGE"
"B01001.035","B01001",35,"B01001.035","25 to 29 years","SEX BY AGE","Universe:  Total Population","Age-Sex","25to29years","25 to 29 years|SEX BY AGE"
"B01001.035.m","B01001",35,"B01001.035.m","MOE for 25 to 29 years","SEX BY AGE","Universe:  Total Population","Age-Sex","MOE for 25to29years","MOE for 25 to 29 years|SEX BY AGE"
"B01001.036","B01001",36,"B01001.036","30 to 34 years","SEX BY AGE","Universe:  Total Population","Age-Sex","30to34years","30 to 34 years|SEX BY AGE"
"B01001.036.m","B01001",36,"B01001.036.m","MOE for 30 to 34 years","SEX BY AGE","Universe:  Total Population","Age-Sex","MOE for 30to34years","MOE for 30 to 34 years|SEX BY AGE"
"B01001.037","B01001",37,"B01001.037","35 to 39 years","SEX BY AGE","Universe:  Total Population","Age-Sex","35to39years","35 to 39 years|SEX BY AGE"
"B01001.037.m","B01001",37,"B01001.037.m","MOE for 35 to 39 years","SEX BY AGE","Universe:  Total Population","Age-Sex","MOE for 35to39years","MOE for 35 to 39 years|SEX BY AGE"
"B01001.038","B01001",38,"B01001.038","40 to 44 years","SEX BY AGE","Universe:  Total Population","Age-Sex","40to44years","40 to 44 years|SEX BY AGE"
"B01001.038.m","B01001",38,"B01001.038.m","MOE for 40 to 44 years","SEX BY AGE","Universe:  Total Population","Age-Sex","MOE for 40to44years","MOE for 40 to 44 years|SEX BY AGE"
"B01001.039","B01001",39,"B01001.039","45 to 49 years","SEX BY AGE","Universe:  Total Population","Age-Sex","45to49years","45 to 49 years|SEX BY AGE"
"B01001.039.m","B01001",39,"B01001.039.m","MOE for 45 to 49 years","SEX BY AGE","Universe:  Total Population","Age-Sex","MOE for 45to49years","MOE for 45 to 49 years|SEX BY AGE"
"B01001.040","B01001",40,"B01001.040","50 to 54 years","SEX BY AGE","Universe:  Total Population","Age-Sex","50to54years","50 to 54 years|SEX BY AGE"
"B01001.040.m","B01001",40,"B01001.040.m","MOE for 50 to 54 years","SEX BY AGE","Universe:  Total Population","Age-Sex","MOE for 50to54years","MOE for 50 to 54 years|SEX BY AGE"
"B01001.041","B01001",41,"B01001.041","55 to 59 years","SEX BY AGE","Universe:  Total Population","Age-Sex","55to59years","55 to 59 years|SEX BY AGE"
"B01001.041.m","B01001",41,"B01001.041.m","MOE for 55 to 59 years","SEX BY AGE","Universe:  Total Population","Age-Sex","MOE for 55to59years","MOE for 55 to 59 years|SEX BY AGE"
"B01001.042","B01001",42,"B01001.042","60 and 61 years","SEX BY AGE","Universe:  Total Population","Age-Sex","60and61years","60 and 61 years|SEX BY AGE"
"B01001.042.m","B01001",42,"B01001.042.m","MOE for 60 and 61 years","SEX BY AGE","Universe:  Total Population","Age-Sex","MOE for 60and61years","MOE for 60 and 61 years|SEX BY AGE"
"B01001.043","B01001",43,"B01001.043","62 to 64 years","SEX BY AGE","Universe:  Total Population","Age-Sex","62to64years","62 to 64 years|SEX BY AGE"
"B01001.043.m","B01001",43,"B01001.043.m","MOE for 62 to 64 years","SEX BY AGE","Universe:  Total Population","Age-Sex","MOE for 62to64years","MOE for 62 to 64 years|SEX BY AGE"
"B01001.044","B01001",44,"B01001.044","65 and 66 years","SEX BY AGE","Universe:  Total Population","Age-Sex","65and66years","65 and 66 years|SEX BY AGE"
"B01001.044.m","B01001",44,"B01001.044.m","MOE for 65 and 66 years","SEX BY AGE","Universe:  Total Population","Age-Sex","MOE for 65and66years","MOE for 65 and 66 years|SEX BY AGE"
"B01001.045","B01001",45,"B01001.045","67 to 69 years","SEX BY AGE","Universe:  Total Population","Age-Sex","67to69years","67 to 69 years|SEX BY AGE"
"B01001.045.m","B01001",45,"B01001.045.m","MOE for 67 to 69 years","SEX BY AGE","Universe:  Total Population","Age-Sex","MOE for 67to69years","MOE for 67 to 69 years|SEX BY AGE"
"B01001.046","B01001",46,"B01001.046","70 to 74 years","SEX BY AGE","Universe:  Total Population","Age-Sex","70to74years","70 to 74 years|SEX BY AGE"
"B01001.046.m","B01001",46,"B01001.046.m","MOE for 70 to 74 years","SEX BY AGE","Universe:  Total Population","Age-Sex","MOE for 70to74years","MOE for 70 to 74 years|SEX BY AGE"
"B01001.047","B01001",47,"B01001.047","75 to 79 years","SEX BY AGE","Universe:  Total Population","Age-Sex","75to79years","75 to 79 years|SEX BY AGE"
"B01001.047.m","B01001",47,"B01001.047.m","MOE for 75 to 79 years","SEX BY AGE","Universe:  Total Population","Age-Sex","MOE for 75to79years","MOE for 75 to 79 years|SEX BY AGE"
"B01001.048","B01001",48,"B01001.048","80 to 84 years","SEX BY AGE","Universe:  Total Population","Age-Sex","80to84years","80 to 84 years|SEX BY AGE"
"B01001.048.m","B01001",48,"B01001.048.m","MOE for 80 to 84 years","SEX BY AGE","Universe:  Total Population","Age-Sex","MOE for 80to84years","MOE for 80 to 84 years|SEX BY AGE"
"B01001.049","B01001",49,"B01001.049","85 years and over","SEX BY AGE","Universe:  Total Population","Age-Sex","85yearsandover","85 years and over|SEX BY AGE"
"B01001.049.m","B01001",49,"B01001.049.m","MOE for 85 years and over","SEX BY AGE","Universe:  Total Population","Age-Sex","MOE for 85yearsandover","MOE for 85 years and over|SEX BY AGE"
"B03002.001","B03002",1,"B03002.001","Total:","HISPANIC OR LATINO ORIGIN BY RACE","Universe:  Total Population","Hispanic Origin","Total","Total:|HISPANIC OR LATINO ORIGIN BY RACE"
"B03002.001.m","B03002",1,"B03002.001.m","MOE for Total:","HISPANIC OR LATINO ORIGIN BY RACE","Universe:  Total Population","Hispanic Origin","MOE for Total","MOE for Total:|HISPANIC OR LATINO ORIGIN BY RACE"
"B03002.002","B03002",2,"B03002.002","Not Hispanic or Latino:","HISPANIC OR LATINO ORIGIN BY RACE","Universe:  Total Population","Hispanic Origin","NotHispanicorLatino","Not Hispanic or Latino:|HISPANIC OR LATINO ORIGIN BY RACE"
"B03002.002.m","B03002",2,"B03002.002.m","MOE for Not Hispanic or Latino:","HISPANIC OR LATINO ORIGIN BY RACE","Universe:  Total Population","Hispanic Origin","MOE for NotHispanicorLatino","MOE for Not Hispanic or Latino:|HISPANIC OR LATINO ORIGIN BY RACE"
"B03002.003","B03002",3,"B03002.003","White alone","HISPANIC OR LATINO ORIGIN BY RACE","Universe:  Total Population","Hispanic Origin","Whitealone","White alone|HISPANIC OR LATINO ORIGIN BY RACE"
"B03002.003.m","B03002",3,"B03002.003.m","MOE for White alone","HISPANIC OR LATINO ORIGIN BY RACE","Universe:  Total Population","Hispanic Origin","MOE for Whitealone","MOE for White alone|HISPANIC OR LATINO ORIGIN BY RACE"
"B03002.004","B03002",4,"B03002.004","Black or African American alone","HISPANIC OR LATINO ORIGIN BY RACE","Universe:  Total Population","Hispanic Origin","BlackorAfricanAmericanalone","Black or African American alone|HISPANIC OR LATINO ORIGIN BY RACE"
"B03002.004.m","B03002",4,"B03002.004.m","MOE for Black or African American alone","HISPANIC OR LATINO ORIGIN BY RACE","Universe:  Total Population","Hispanic Origin","MOE for BlackorAfricanAmericanalone","MOE for Black or African American alone|HISPANIC OR LATINO ORIGIN BY RACE"
"B03002.005","B03002",5,"B03002.005","American Indian and Alaska Native alone","HISPANIC OR LATINO ORIGIN BY RACE","Universe:  Total Population","Hispanic Origin","AmericanIndianandAlaskaNativealone","American Indian and Alaska Native alone|HISPANIC OR LATINO ORIGIN BY RACE"
"B03002.005.m","B03002",5,"B03002.005.m","MOE for American Indian and Alaska Native alone","HISPANIC OR LATINO ORIGIN BY RACE","Universe:  Total Population","Hispanic Origin","MOE for AmericanIndianandAlaskaNativealone","MOE for American Indian and Alaska Native alone|HISPANIC OR LATINO ORIGIN BY RACE"
"B03002.006","B03002",6,"B03002.006","Asian alone","HISPANIC OR LATINO ORIGIN BY RACE","Universe:  Total Population","Hispanic Origin","Asianalone","Asian alone|HISPANIC OR LATINO ORIGIN BY RACE"
"B03002.006.m","B03002",6,"B03002.006.m","MOE for Asian alone","HISPANIC OR LATINO ORIGIN BY RACE","Universe:  Total Population","Hispanic Origin","MOE for Asianalone","MOE for Asian alone|HISPANIC OR LATINO ORIGIN BY RACE"
"B03002.007","B03002",7,"B03002.007","Native Hawaiian and Other Pacific Islander alone","HISPANIC OR LATINO ORIGIN BY RACE","Universe:  Total Population","Hispanic Origin","NativeHawaiianandOtherPacificIslanderalone","Native Hawaiian and Other Pacific Islander alone|HISPANIC OR LATINO ORIGIN BY RACE"
"B03002.007.m","B03002",7,"B03002.007.m","MOE for Native Hawaiian and Other Pacific Islander alone","HISPANIC OR LATINO ORIGIN BY RACE","Universe:  Total Population","Hispanic Origin","MOE for NativeHawaiianandOtherPacificIslanderalone","MOE for Native Hawaiian and Other Pacific Islander alone|HISPANIC OR LATINO ORIGIN BY RACE"
"B03002.008","B03002",8,"B03002.008","Some other race alone","HISPANIC OR LATINO ORIGIN BY RACE","Universe:  Total Population","Hispanic Origin","Someotherracealone","Some other race alone|HISPANIC OR LATINO ORIGIN BY RACE"
"B03002.008.m","B03002",8,"B03002.008.m","MOE for Some other race alone","HISPANIC OR LATINO ORIGIN BY RACE","Universe:  Total Population","Hispanic Origin","MOE for Someotherracealone","MOE for Some other race alone|HISPANIC OR LATINO ORIGIN BY RACE"
"B03002.009","B03002",9,"B03002.009","Two or more races:","HISPANIC OR LATINO ORIGIN BY RACE","Universe:  Total Population","Hispanic Origin","Twoormoreraces","Two or more races:|HISPANIC OR LATINO ORIGIN BY RACE"
"B03002.009.m","B03002",9,"B03002.009.m","MOE for Two or more races:","HISPANIC OR LATINO ORIGIN BY RACE","Universe:  Total Population","Hispanic Origin","MOE for Twoormoreraces","MOE for Two or more races:|HISPANIC OR LATINO ORIGIN BY RACE"
"B03002.010","B03002",10,"B03002.010","Two races including Some other race","HISPANIC OR LATINO ORIGIN BY RACE","Universe:  Total Population","Hispanic Origin","TworacesincludingSomeotherrace","Two races including Some other race|HISPANIC OR LATINO ORIGIN BY RACE"
"B03002.010.m","B03002",10,"B03002.010.m","MOE for Two races including Some other race","HISPANIC OR LATINO ORIGIN BY RACE","Universe:  Total Population","Hispanic Origin","MOE for TworacesincludingSomeotherrace","MOE for Two races including Some other race|HISPANIC OR LATINO ORIGIN BY RACE"
"B03002.011","B03002",11,"B03002.011","Two races excluding Some other race, and three or more races","HISPANIC OR LATINO ORIGIN BY RACE","Universe:  Total Population","Hispanic Origin","TworacesexcludingSomeotherraceandthreeormoreraces","Two races excluding Some other race, and three or more races|HISPANIC OR LATINO ORIGIN BY RACE"
"B03002.011.m","B03002",11,"B03002.011.m","MOE for Two races excluding Some other race, and three or more races","HISPANIC OR LATINO ORIGIN BY RACE","Universe:  Total Population","Hispanic Origin","MOE for TworacesexcludingSomeotherraceandthreeormoreraces","MOE for Two races excluding Some other race, and three or more races|HISPANIC OR LATINO ORIGIN BY RACE"
"B03002.012","B03002",12,"B03002.012","Hispanic or Latino:","HISPANIC OR LATINO ORIGIN BY RACE","Universe:  Total Population","Hispanic Origin","HispanicorLatino","Hispanic or Latino:|HISPANIC OR LATINO ORIGIN BY RACE"
"B03002.012.m","B03002",12,"B03002.012.m","MOE for Hispanic or Latino:","HISPANIC OR LATINO ORIGIN BY RACE","Universe:  Total Population","Hispanic Origin","MOE for HispanicorLatino","MOE for Hispanic or Latino:|HISPANIC OR LATINO ORIGIN BY RACE"
"B03002.013","B03002",13,"B03002.013","White alone","HISPANIC OR LATINO ORIGIN BY RACE","Universe:  Total Population","Hispanic Origin","Whitealone","White alone|HISPANIC OR LATINO ORIGIN BY RACE"
"B03002.013.m","B03002",13,"B03002.013.m","MOE for White alone","HISPANIC OR LATINO ORIGIN BY RACE","Universe:  Total Population","Hispanic Origin","MOE for Whitealone","MOE for White alone|HISPANIC OR LATINO ORIGIN BY RACE"
"B03002.014","B03002",14,"B03002.014","Black or African American alone","HISPANIC OR LATINO ORIGIN BY RACE","Universe:  Total Population","Hispanic Origin","BlackorAfricanAmericanalone","Black or African American alone|HISPANIC OR LATINO ORIGIN BY RACE"
"B03002.014.m","B03002",14,"B03002.014.m","MOE for Black or African American alone","HISPANIC OR LATINO ORIGIN BY RACE","Universe:  Total Population","Hispanic Origin","MOE for BlackorAfricanAmericanalone","MOE for Black or African American alone|HISPANIC OR LATINO ORIGIN BY RACE"
"B03002.015","B03002",15,"B03002.015","American Indian and Alaska Native alone","HISPANIC OR LATINO ORIGIN BY RACE","Universe:  Total Population","Hispanic Origin","AmericanIndianandAlaskaNativealone","American Indian and Alaska Native alone|HISPANIC OR LATINO ORIGIN BY RACE"
"B03002.015.m","B03002",15,"B03002.015.m","MOE for American Indian and Alaska Native alone","HISPANIC OR LATINO ORIGIN BY RACE","Universe:  Total Population","Hispanic Origin","MOE for AmericanIndianandAlaskaNativealone","MOE for American Indian and Alaska Native alone|HISPANIC OR LATINO ORIGIN BY RACE"
"B03002.016","B03002",16,"B03002.016","Asian alone","HISPANIC OR LATINO ORIGIN BY RACE","Universe:  Total Population","Hispanic Origin","Asianalone","Asian alone|HISPANIC OR LATINO ORIGIN BY RACE"
"B03002.016.m","B03002",16,"B03002.016.m","MOE for Asian alone","HISPANIC OR LATINO ORIGIN BY RACE","Universe:  Total Population","Hispanic Origin","MOE for Asianalone","MOE for Asian alone|HISPANIC OR LATINO ORIGIN BY RACE"
"B03002.017","B03002",17,"B03002.017","Native Hawaiian and Other Pacific Islander alone","HISPANIC OR LATINO ORIGIN BY RACE","Universe:  Total Population","Hispanic Origin","NativeHawaiianandOtherPacificIslanderalone","Native Hawaiian and Other Pacific Islander alone|HISPANIC OR LATINO ORIGIN BY RACE"
"B03002.017.m","B03002",17,"B03002.017.m","MOE for Native Hawaiian and Other Pacific Islander alone","HISPANIC OR LATINO ORIGIN BY RACE","Universe:  Total Population","Hispanic Origin","MOE for NativeHawaiianandOtherPacificIslanderalone","MOE for Native Hawaiian and Other Pacific Islander alone|HISPANIC OR LATINO ORIGIN BY RACE"
"B03002.018","B03002",18,"B03002.018","Some other race alone","HISPANIC OR LATINO ORIGIN BY RACE","Universe:  Total Population","Hispanic Origin","Someotherracealone","Some other race alone|HISPANIC OR LATINO ORIGIN BY RACE"
"B03002.018.m","B03002",18,"B03002.018.m","MOE for Some other race alone","HISPANIC OR LATINO ORIGIN BY RACE","Universe:  Total Population","Hispanic Origin","MOE for Someotherracealone","MOE for Some other race alone|HISPANIC OR LATINO ORIGIN BY RACE"
"B03002.019","B03002",19,"B03002.019","Two or more races:","HISPANIC OR LATINO ORIGIN BY RACE","Universe:  Total Population","Hispanic Origin","Twoormoreraces","Two or more races:|HISPANIC OR LATINO ORIGIN BY RACE"
"B03002.019.m","B03002",19,"B03002.019.m","MOE for Two or more races:","HISPANIC OR LATINO ORIGIN BY RACE","Universe:  Total Population","Hispanic Origin","MOE for Twoormoreraces","MOE for Two or more races:|HISPANIC OR LATINO ORIGIN BY RACE"
"B03002.020","B03002",20,"B03002.020","Two races including Some other race","HISPANIC OR LATINO ORIGIN BY RACE","Universe:  Total Population","Hispanic Origin","TworacesincludingSomeotherrace","Two races including Some other race|HISPANIC OR LATINO ORIGIN BY RACE"
"B03002.020.m","B03002",20,"B03002.020.m","MOE for Two races including Some other race","HISPANIC OR LATINO ORIGIN BY RACE","Universe:  Total Population","Hispanic Origin","MOE for TworacesincludingSomeotherrace","MOE for Two races including Some other race|HISPANIC OR LATINO ORIGIN BY RACE"
"B03002.021","B03002",21,"B03002.021","Two races excluding Some other race, and three or more races","HISPANIC OR LATINO ORIGIN BY RACE","Universe:  Total Population","Hispanic Origin","TworacesexcludingSomeotherraceandthreeormoreraces","Two races excluding Some other race, and three or more races|HISPANIC OR LATINO ORIGIN BY RACE"
"B03002.021.m","B03002",21,"B03002.021.m","MOE for Two races excluding Some other race, and three or more races","HISPANIC OR LATINO ORIGIN BY RACE","Universe:  Total Population","Hispanic Origin","MOE for TworacesexcludingSomeotherraceandthreeormoreraces","MOE for Two races excluding Some other race, and three or more races|HISPANIC OR LATINO ORIGIN BY RACE"
"B15002.001","B15002",1,"B15002.001","Total:","SEX BY EDUCATIONAL ATTAINMENT FOR THE POPULATION 25 YEARS AND OVER","Universe:  Population 25 Years And Over","Educational Attainment","Total","Total:|SEX BY EDUCATIONAL ATTAINMENT FOR THE POPULATION 25 YEARS AND OVER"
"B15002.001.m","B15002",1,"B15002.001.m","MOE for Total:","SEX BY EDUCATIONAL ATTAINMENT FOR THE POPULATION 25 YEARS AND OVER","Universe:  Population 25 Years And Over","Educational Attainment","MOE for Total","MOE for Total:|SEX BY EDUCATIONAL ATTAINMENT FOR THE POPULATION 25 YEARS AND OVER"
"B15002.002","B15002",2,"B15002.002","Male:","SEX BY EDUCATIONAL ATTAINMENT FOR THE POPULATION 25 YEARS AND OVER","Universe:  Population 25 Years And Over","Educational Attainment","Male","Male:|SEX BY EDUCATIONAL ATTAINMENT FOR THE POPULATION 25 YEARS AND OVER"
"B15002.002.m","B15002",2,"B15002.002.m","MOE for Male:","SEX BY EDUCATIONAL ATTAINMENT FOR THE POPULATION 25 YEARS AND OVER","Universe:  Population 25 Years And Over","Educational Attainment","MOE for Male","MOE for Male:|SEX BY EDUCATIONAL ATTAINMENT FOR THE POPULATION 25 YEARS AND OVER"
"B15002.003","B15002",3,"B15002.003","No schooling completed","SEX BY EDUCATIONAL ATTAINMENT FOR THE POPULATION 25 YEARS AND OVER","Universe:  Population 25 Years And Over","Educational Attainment","Noschoolingcompleted","No schooling completed|SEX BY EDUCATIONAL ATTAINMENT FOR THE POPULATION 25 YEARS AND OVER"
"B15002.003.m","B15002",3,"B15002.003.m","MOE for No schooling completed","SEX BY EDUCATIONAL ATTAINMENT FOR THE POPULATION 25 YEARS AND OVER","Universe:  Population 25 Years And Over","Educational Attainment","MOE for Noschoolingcompleted","MOE for No schooling completed|SEX BY EDUCATIONAL ATTAINMENT FOR THE POPULATION 25 YEARS AND OVER"
"B15002.004","B15002",4,"B15002.004","Nursery to 4th grade","SEX BY EDUCATIONAL ATTAINMENT FOR THE POPULATION 25 YEARS AND OVER","Universe:  Population 25 Years And Over","Educational Attainment","Nurseryto4thgrade","Nursery to 4th grade|SEX BY EDUCATIONAL ATTAINMENT FOR THE POPULATION 25 YEARS AND OVER"
"B15002.004.m","B15002",4,"B15002.004.m","MOE for Nursery to 4th grade","SEX BY EDUCATIONAL ATTAINMENT FOR THE POPULATION 25 YEARS AND OVER","Universe:  Population 25 Years And Over","Educational Attainment","MOE for Nurseryto4thgrade","MOE for Nursery to 4th grade|SEX BY EDUCATIONAL ATTAINMENT FOR THE POPULATION 25 YEARS AND OVER"
"B15002.005","B15002",5,"B15002.005","5th and 6th grade","SEX BY EDUCATIONAL ATTAINMENT FOR THE POPULATION 25 YEARS AND OVER","Universe:  Population 25 Years And Over","Educational Attainment","5thand6thgrade","5th and 6th grade|SEX BY EDUCATIONAL ATTAINMENT FOR THE POPULATION 25 YEARS AND OVER"
"B15002.005.m","B15002",5,"B15002.005.m","MOE for 5th and 6th grade","SEX BY EDUCATIONAL ATTAINMENT FOR THE POPULATION 25 YEARS AND OVER","Universe:  Population 25 Years And Over","Educational Attainment","MOE for 5thand6thgrade","MOE for 5th and 6th grade|SEX BY EDUCATIONAL ATTAINMENT FOR THE POPULATION 25 YEARS AND OVER"
"B15002.006","B15002",6,"B15002.006","7th and 8th grade","SEX BY EDUCATIONAL ATTAINMENT FOR THE POPULATION 25 YEARS AND OVER","Universe:  Population 25 Years And Over","Educational Attainment","7thand8thgrade","7th and 8th grade|SEX BY EDUCATIONAL ATTAINMENT FOR THE POPULATION 25 YEARS AND OVER"
"B15002.006.m","B15002",6,"B15002.006.m","MOE for 7th and 8th grade","SEX BY EDUCATIONAL ATTAINMENT FOR THE POPULATION 25 YEARS AND OVER","Universe:  Population 25 Years And Over","Educational Attainment","MOE for 7thand8thgrade","MOE for 7th and 8th grade|SEX BY EDUCATIONAL ATTAINMENT FOR THE POPULATION 25 YEARS AND OVER"
"B15002.007","B15002",7,"B15002.007","9th grade","SEX BY EDUCATIONAL ATTAINMENT FOR THE POPULATION 25 YEARS AND OVER","Universe:  Population 25 Years And Over","Educational Attainment","9thgrade","9th grade|SEX BY EDUCATIONAL ATTAINMENT FOR THE POPULATION 25 YEARS AND OVER"
"B15002.007.m","B15002",7,"B15002.007.m","MOE for 9th grade","SEX BY EDUCATIONAL ATTAINMENT FOR THE POPULATION 25 YEARS AND OVER","Universe:  Population 25 Years And Over","Educational Attainment","MOE for 9thgrade","MOE for 9th grade|SEX BY EDUCATIONAL ATTAINMENT FOR THE POPULATION 25 YEARS AND OVER"
"B15002.008","B15002",8,"B15002.008","10th grade","SEX BY EDUCATIONAL ATTAINMENT FOR THE POPULATION 25 YEARS AND OVER","Universe:  Population 25 Years And Over","Educational Attainment","10thgrade","10th grade|SEX BY EDUCATIONAL ATTAINMENT FOR THE POPULATION 25 YEARS AND OVER"
"B15002.008.m","B15002",8,"B15002.008.m","MOE for 10th grade","SEX BY EDUCATIONAL ATTAINMENT FOR THE POPULATION 25 YEARS AND OVER","Universe:  Population 25 Years And Over","Educational Attainment","MOE for 10thgrade","MOE for 10th grade|SEX BY EDUCATIONAL ATTAINMENT FOR THE POPULATION 25 YEARS AND OVER"
"B15002.009","B15002",9,"B15002.009","11th grade","SEX BY EDUCATIONAL ATTAINMENT FOR THE POPULATION 25 YEARS AND OVER","Universe:  Population 25 Years And Over","Educational Attainment","11thgrade","11th grade|SEX BY EDUCATIONAL ATTAINMENT FOR THE POPULATION 25 YEARS AND OVER"
"B15002.009.m","B15002",9,"B15002.009.m","MOE for 11th grade","SEX BY EDUCATIONAL ATTAINMENT FOR THE POPULATION 25 YEARS AND OVER","Universe:  Population 25 Years And Over","Educational Attainment","MOE for 11thgrade","MOE for 11th grade|SEX BY EDUCATIONAL ATTAINMENT FOR THE POPULATION 25 YEARS AND OVER"
"B15002.010","B15002",10,"B15002.010","12th grade, no diploma","SEX BY EDUCATIONAL ATTAINMENT FOR THE POPULATION 25 YEARS AND OVER","Universe:  Population 25 Years And Over","Educational Attainment","12thgradenodiploma","12th grade, no diploma|SEX BY EDUCATIONAL ATTAINMENT FOR THE POPULATION 25 YEARS AND OVER"
"B15002.010.m","B15002",10,"B15002.010.m","MOE for 12th grade, no diploma","SEX BY EDUCATIONAL ATTAINMENT FOR THE POPULATION 25 YEARS AND OVER","Universe:  Population 25 Years And Over","Educational Attainment","MOE for 12thgradenodiploma","MOE for 12th grade, no diploma|SEX BY EDUCATIONAL ATTAINMENT FOR THE POPULATION 25 YEARS AND OVER"
"B15002.011","B15002",11,"B15002.011","High school graduate (includes equivalency)","SEX BY EDUCATIONAL ATTAINMENT FOR THE POPULATION 25 YEARS AND OVER","Universe:  Population 25 Years And Over","Educational Attainment","Highschoolgraduateincludesequivalency","High school graduate (includes equivalency)|SEX BY EDUCATIONAL ATTAINMENT FOR THE POPULATION 25 YEARS AND OVER"
"B15002.011.m","B15002",11,"B15002.011.m","MOE for High school graduate (includes equivalency)","SEX BY EDUCATIONAL ATTAINMENT FOR THE POPULATION 25 YEARS AND OVER","Universe:  Population 25 Years And Over","Educational Attainment","MOE for Highschoolgraduateincludesequivalency","MOE for High school graduate (includes equivalency)|SEX BY EDUCATIONAL ATTAINMENT FOR THE POPULATION 25 YEARS AND OVER"
"B15002.012","B15002",12,"B15002.012","Some college, less than 1 year","SEX BY EDUCATIONAL ATTAINMENT FOR THE POPULATION 25 YEARS AND OVER","Universe:  Population 25 Years And Over","Educational Attainment","Somecollegelessthan1year","Some college, less than 1 year|SEX BY EDUCATIONAL ATTAINMENT FOR THE POPULATION 25 YEARS AND OVER"
"B15002.012.m","B15002",12,"B15002.012.m","MOE for Some college, less than 1 year","SEX BY EDUCATIONAL ATTAINMENT FOR THE POPULATION 25 YEARS AND OVER","Universe:  Population 25 Years And Over","Educational Attainment","MOE for Somecollegelessthan1year","MOE for Some college, less than 1 year|SEX BY EDUCATIONAL ATTAINMENT FOR THE POPULATION 25 YEARS AND OVER"
"B15002.013","B15002",13,"B15002.013","Some college, 1 or more years, no degree","SEX BY EDUCATIONAL ATTAINMENT FOR THE POPULATION 25 YEARS AND OVER","Universe:  Population 25 Years And Over","Educational Attainment","Somecollege1ormoreyearsnodegree","Some college, 1 or more years, no degree|SEX BY EDUCATIONAL ATTAINMENT FOR THE POPULATION 25 YEARS AND OVER"
"B15002.013.m","B15002",13,"B15002.013.m","MOE for Some college, 1 or more years, no degree","SEX BY EDUCATIONAL ATTAINMENT FOR THE POPULATION 25 YEARS AND OVER","Universe:  Population 25 Years And Over","Educational Attainment","MOE for Somecollege1ormoreyearsnodegree","MOE for Some college, 1 or more years, no degree|SEX BY EDUCATIONAL ATTAINMENT FOR THE POPULATION 25 YEARS AND OVER"
"B15002.014","B15002",14,"B15002.014","Associate's degree","SEX BY EDUCATIONAL ATTAINMENT FOR THE POPULATION 25 YEARS AND OVER","Universe:  Population 25 Years And Over","Educational Attainment","Associatesdegree","Associate's degree|SEX BY EDUCATIONAL ATTAINMENT FOR THE POPULATION 25 YEARS AND OVER"
"B15002.014.m","B15002",14,"B15002.014.m","MOE for Associate's degree","SEX BY EDUCATIONAL ATTAINMENT FOR THE POPULATION 25 YEARS AND OVER","Universe:  Population 25 Years And Over","Educational Attainment","MOE for Associatesdegree","MOE for Associate's degree|SEX BY EDUCATIONAL ATTAINMENT FOR THE POPULATION 25 YEARS AND OVER"
"B15002.015","B15002",15,"B15002.015","Bachelor's degree","SEX BY EDUCATIONAL ATTAINMENT FOR THE POPULATION 25 YEARS AND OVER","Universe:  Population 25 Years And Over","Educational Attainment","Bachelorsdegree","Bachelor's degree|SEX BY EDUCATIONAL ATTAINMENT FOR THE POPULATION 25 YEARS AND OVER"
"B15002.015.m","B15002",15,"B15002.015.m","MOE for Bachelor's degree","SEX BY EDUCATIONAL ATTAINMENT FOR THE POPULATION 25 YEARS AND OVER","Universe:  Population 25 Years And Over","Educational Attainment","MOE for Bachelorsdegree","MOE for Bachelor's degree|SEX BY EDUCATIONAL ATTAINMENT FOR THE POPULATION 25 YEARS AND OVER"
"B15002.016","B15002",16,"B15002.016","Master's degree","SEX BY EDUCATIONAL ATTAINMENT FOR THE POPULATION 25 YEARS AND OVER","Universe:  Population 25 Years And Over","Educational Attainment","Mastersdegree","Master's degree|SEX BY EDUCATIONAL ATTAINMENT FOR THE POPULATION 25 YEARS AND OVER"
"B15002.016.m","B15002",16,"B15002.016.m","MOE for Master's degree","SEX BY EDUCATIONAL ATTAINMENT FOR THE POPULATION 25 YEARS AND OVER","Universe:  Population 25 Years And Over","Educational Attainment","MOE for Mastersdegree","MOE for Master's degree|SEX BY EDUCATIONAL ATTAINMENT FOR THE POPULATION 25 YEARS AND OVER"
"B15002.017","B15002",17,"B15002.017","Professional school degree","SEX BY EDUCATIONAL ATTAINMENT FOR THE POPULATION 25 YEARS AND OVER","Universe:  Population 25 Years And Over","Educational Attainment","Professionalschooldegree","Professional school degree|SEX BY EDUCATIONAL ATTAINMENT FOR THE POPULATION 25 YEARS AND OVER"
"B15002.017.m","B15002",17,"B15002.017.m","MOE for Professional school degree","SEX BY EDUCATIONAL ATTAINMENT FOR THE POPULATION 25 YEARS AND OVER","Universe:  Population 25 Years And Over","Educational Attainment","MOE for Professionalschooldegree","MOE for Professional school degree|SEX BY EDUCATIONAL ATTAINMENT FOR THE POPULATION 25 YEARS AND OVER"
"B15002.018","B15002",18,"B15002.018","Doctorate degree","SEX BY EDUCATIONAL ATTAINMENT FOR THE POPULATION 25 YEARS AND OVER","Universe:  Population 25 Years And Over","Educational Attainment","Doctoratedegree","Doctorate degree|SEX BY EDUCATIONAL ATTAINMENT FOR THE POPULATION 25 YEARS AND OVER"
"B15002.018.m","B15002",18,"B15002.018.m","MOE for Doctorate degree","SEX BY EDUCATIONAL ATTAINMENT FOR THE POPULATION 25 YEARS AND OVER","Universe:  Population 25 Years And Over","Educational Attainment","MOE for Doctoratedegree","MOE for Doctorate degree|SEX BY EDUCATIONAL ATTAINMENT FOR THE POPULATION 25 YEARS AND OVER"
"B15002.019","B15002",19,"B15002.019","Female:","SEX BY EDUCATIONAL ATTAINMENT FOR THE POPULATION 25 YEARS AND OVER","Universe:  Population 25 Years And Over","Educational Attainment","Female","Female:|SEX BY EDUCATIONAL ATTAINMENT FOR THE POPULATION 25 YEARS AND OVER"
"B15002.019.m","B15002",19,"B15002.019.m","MOE for Female:","SEX BY EDUCATIONAL ATTAINMENT FOR THE POPULATION 25 YEARS AND OVER","Universe:  Population 25 Years And Over","Educational Attainment","MOE for Female","MOE for Female:|SEX BY EDUCATIONAL ATTAINMENT FOR THE POPULATION 25 YEARS AND OVER"
"B15002.020","B15002",20,"B15002.020","No schooling completed","SEX BY EDUCATIONAL ATTAINMENT FOR THE POPULATION 25 YEARS AND OVER","Universe:  Population 25 Years And Over","Educational Attainment","Noschoolingcompleted","No schooling completed|SEX BY EDUCATIONAL ATTAINMENT FOR THE POPULATION 25 YEARS AND OVER"
"B15002.020.m","B15002",20,"B15002.020.m","MOE for No schooling completed","SEX BY EDUCATIONAL ATTAINMENT FOR THE POPULATION 25 YEARS AND OVER","Universe:  Population 25 Years And Over","Educational Attainment","MOE for Noschoolingcompleted","MOE for No schooling completed|SEX BY EDUCATIONAL ATTAINMENT FOR THE POPULATION 25 YEARS AND OVER"
"B15002.021","B15002",21,"B15002.021","Nursery to 4th grade","SEX BY EDUCATIONAL ATTAINMENT FOR THE POPULATION 25 YEARS AND OVER","Universe:  Population 25 Years And Over","Educational Attainment","Nurseryto4thgrade","Nursery to 4th grade|SEX BY EDUCATIONAL ATTAINMENT FOR THE POPULATION 25 YEARS AND OVER"
"B15002.021.m","B15002",21,"B15002.021.m","MOE for Nursery to 4th grade","SEX BY EDUCATIONAL ATTAINMENT FOR THE POPULATION 25 YEARS AND OVER","Universe:  Population 25 Years And Over","Educational Attainment","MOE for Nurseryto4thgrade","MOE for Nursery to 4th grade|SEX BY EDUCATIONAL ATTAINMENT FOR THE POPULATION 25 YEARS AND OVER"
"B15002.022","B15002",22,"B15002.022","5th and 6th grade","SEX BY EDUCATIONAL ATTAINMENT FOR THE POPULATION 25 YEARS AND OVER","Universe:  Population 25 Years And Over","Educational Attainment","5thand6thgrade","5th and 6th grade|SEX BY EDUCATIONAL ATTAINMENT FOR THE POPULATION 25 YEARS AND OVER"
"B15002.022.m","B15002",22,"B15002.022.m","MOE for 5th and 6th grade","SEX BY EDUCATIONAL ATTAINMENT FOR THE POPULATION 25 YEARS AND OVER","Universe:  Population 25 Years And Over","Educational Attainment","MOE for 5thand6thgrade","MOE for 5th and 6th grade|SEX BY EDUCATIONAL ATTAINMENT FOR THE POPULATION 25 YEARS AND OVER"
"B15002.023","B15002",23,"B15002.023","7th and 8th grade","SEX BY EDUCATIONAL ATTAINMENT FOR THE POPULATION 25 YEARS AND OVER","Universe:  Population 25 Years And Over","Educational Attainment","7thand8thgrade","7th and 8th grade|SEX BY EDUCATIONAL ATTAINMENT FOR THE POPULATION 25 YEARS AND OVER"
"B15002.023.m","B15002",23,"B15002.023.m","MOE for 7th and 8th grade","SEX BY EDUCATIONAL ATTAINMENT FOR THE POPULATION 25 YEARS AND OVER","Universe:  Population 25 Years And Over","Educational Attainment","MOE for 7thand8thgrade","MOE for 7th and 8th grade|SEX BY EDUCATIONAL ATTAINMENT FOR THE POPULATION 25 YEARS AND OVER"
"B15002.024","B15002",24,"B15002.024","9th grade","SEX BY EDUCATIONAL ATTAINMENT FOR THE POPULATION 25 YEARS AND OVER","Universe:  Population 25 Years And Over","Educational Attainment","9thgrade","9th grade|SEX BY EDUCATIONAL ATTAINMENT FOR THE POPULATION 25 YEARS AND OVER"
"B15002.024.m","B15002",24,"B15002.024.m","MOE for 9th grade","SEX BY EDUCATIONAL ATTAINMENT FOR THE POPULATION 25 YEARS AND OVER","Universe:  Population 25 Years And Over","Educational Attainment","MOE for 9thgrade","MOE for 9th grade|SEX BY EDUCATIONAL ATTAINMENT FOR THE POPULATION 25 YEARS AND OVER"
"B15002.025","B15002",25,"B15002.025","10th grade","SEX BY EDUCATIONAL ATTAINMENT FOR THE POPULATION 25 YEARS AND OVER","Universe:  Population 25 Years And Over","Educational Attainment","10thgrade","10th grade|SEX BY EDUCATIONAL ATTAINMENT FOR THE POPULATION 25 YEARS AND OVER"
"B15002.025.m","B15002",25,"B15002.025.m","MOE for 10th grade","SEX BY EDUCATIONAL ATTAINMENT FOR THE POPULATION 25 YEARS AND OVER","Universe:  Population 25 Years And Over","Educational Attainment","MOE for 10thgrade","MOE for 10th grade|SEX BY EDUCATIONAL ATTAINMENT FOR THE POPULATION 25 YEARS AND OVER"
"B15002.026","B15002",26,"B15002.026","11th grade","SEX BY EDUCATIONAL ATTAINMENT FOR THE POPULATION 25 YEARS AND OVER","Universe:  Population 25 Years And Over","Educational Attainment","11thgrade","11th grade|SEX BY EDUCATIONAL ATTAINMENT FOR THE POPULATION 25 YEARS AND OVER"
"B15002.026.m","B15002",26,"B15002.026.m","MOE for 11th grade","SEX BY EDUCATIONAL ATTAINMENT FOR THE POPULATION 25 YEARS AND OVER","Universe:  Population 25 Years And Over","Educational Attainment","MOE for 11thgrade","MOE for 11th grade|SEX BY EDUCATIONAL ATTAINMENT FOR THE POPULATION 25 YEARS AND OVER"
"B15002.027","B15002",27,"B15002.027","12th grade, no diploma","SEX BY EDUCATIONAL ATTAINMENT FOR THE POPULATION 25 YEARS AND OVER","Universe:  Population 25 Years And Over","Educational Attainment","12thgradenodiploma","12th grade, no diploma|SEX BY EDUCATIONAL ATTAINMENT FOR THE POPULATION 25 YEARS AND OVER"
"B15002.027.m","B15002",27,"B15002.027.m","MOE for 12th grade, no diploma","SEX BY EDUCATIONAL ATTAINMENT FOR THE POPULATION 25 YEARS AND OVER","Universe:  Population 25 Years And Over","Educational Attainment","MOE for 12thgradenodiploma","MOE for 12th grade, no diploma|SEX BY EDUCATIONAL ATTAINMENT FOR THE POPULATION 25 YEARS AND OVER"
"B15002.028","B15002",28,"B15002.028","High school graduate (includes equivalency)","SEX BY EDUCATIONAL ATTAINMENT FOR THE POPULATION 25 YEARS AND OVER","Universe:  Population 25 Years And Over","Educational Attainment","Highschoolgraduateincludesequivalency","High school graduate (includes equivalency)|SEX BY EDUCATIONAL ATTAINMENT FOR THE POPULATION 25 YEARS AND OVER"
"B15002.028.m","B15002",28,"B15002.028.m","MOE for High school graduate (includes equivalency)","SEX BY EDUCATIONAL ATTAINMENT FOR THE POPULATION 25 YEARS AND OVER","Universe:  Population 25 Years And Over","Educational Attainment","MOE for Highschoolgraduateincludesequivalency","MOE for High school graduate (includes equivalency)|SEX BY EDUCATIONAL ATTAINMENT FOR THE POPULATION 25 YEARS AND OVER"
"B15002.029","B15002",29,"B15002.029","Some college, less than 1 year","SEX BY EDUCATIONAL ATTAINMENT FOR THE POPULATION 25 YEARS AND OVER","Universe:  Population 25 Years And Over","Educational Attainment","Somecollegelessthan1year","Some college, less than 1 year|SEX BY EDUCATIONAL ATTAINMENT FOR THE POPULATION 25 YEARS AND OVER"
"B15002.029.m","B15002",29,"B15002.029.m","MOE for Some college, less than 1 year","SEX BY EDUCATIONAL ATTAINMENT FOR THE POPULATION 25 YEARS AND OVER","Universe:  Population 25 Years And Over","Educational Attainment","MOE for Somecollegelessthan1year","MOE for Some college, less than 1 year|SEX BY EDUCATIONAL ATTAINMENT FOR THE POPULATION 25 YEARS AND OVER"
"B15002.030","B15002",30,"B15002.030","Some college, 1 or more years, no degree","SEX BY EDUCATIONAL ATTAINMENT FOR THE POPULATION 25 YEARS AND OVER","Universe:  Population 25 Years And Over","Educational Attainment","Somecollege1ormoreyearsnodegree","Some college, 1 or more years, no degree|SEX BY EDUCATIONAL ATTAINMENT FOR THE POPULATION 25 YEARS AND OVER"
"B15002.030.m","B15002",30,"B15002.030.m","MOE for Some college, 1 or more years, no degree","SEX BY EDUCATIONAL ATTAINMENT FOR THE POPULATION 25 YEARS AND OVER","Universe:  Population 25 Years And Over","Educational Attainment","MOE for Somecollege1ormoreyearsnodegree","MOE for Some college, 1 or more years, no degree|SEX BY EDUCATIONAL ATTAINMENT FOR THE POPULATION 25 YEARS AND OVER"
"B15002.031","B15002",31,"B15002.031","Associate's degree","SEX BY EDUCATIONAL ATTAINMENT FOR THE POPULATION 25 YEARS AND OVER","Universe:  Population 25 Years And Over","Educational Attainment","Associatesdegree","Associate's degree|SEX BY EDUCATIONAL ATTAINMENT FOR THE POPULATION 25 YEARS AND OVER"
"B15002.031.m","B15002",31,"B15002.031.m","MOE for Associate's degree","SEX BY EDUCATIONAL ATTAINMENT FOR THE POPULATION 25 YEARS AND OVER","Universe:  Population 25 Years And Over","Educational Attainment","MOE for Associatesdegree","MOE for Associate's degree|SEX BY EDUCATIONAL ATTAINMENT FOR THE POPULATION 25 YEARS AND OVER"
"B15002.032","B15002",32,"B15002.032","Bachelor's degree","SEX BY EDUCATIONAL ATTAINMENT FOR THE POPULATION 25 YEARS AND OVER","Universe:  Population 25 Years And Over","Educational Attainment","Bachelorsdegree","Bachelor's degree|SEX BY EDUCATIONAL ATTAINMENT FOR THE POPULATION 25 YEARS AND OVER"
"B15002.032.m","B15002",32,"B15002.032.m","MOE for Bachelor's degree","SEX BY EDUCATIONAL ATTAINMENT FOR THE POPULATION 25 YEARS AND OVER","Universe:  Population 25 Years And Over","Educational Attainment","MOE for Bachelorsdegree","MOE for Bachelor's degree|SEX BY EDUCATIONAL ATTAINMENT FOR THE POPULATION 25 YEARS AND OVER"
"B15002.033","B15002",33,"B15002.033","Master's degree","SEX BY EDUCATIONAL ATTAINMENT FOR THE POPULATION 25 YEARS AND OVER","Universe:  Population 25 Years And Over","Educational Attainment","Mastersdegree","Master's degree|SEX BY EDUCATIONAL ATTAINMENT FOR THE POPULATION 25 YEARS AND OVER"
"B15002.033.m","B15002",33,"B15002.033.m","MOE for Master's degree","SEX BY EDUCATIONAL ATTAINMENT FOR THE POPULATION 25 YEARS AND OVER","Universe:  Population 25 Years And Over","Educational Attainment","MOE for Mastersdegree","MOE for Master's degree|SEX BY EDUCATIONAL ATTAINMENT FOR THE POPULATION 25 YEARS AND OVER"
"B15002.034","B15002",34,"B15002.034","Professional school degree","SEX BY EDUCATIONAL ATTAINMENT FOR THE POPULATION 25 YEARS AND OVER","Universe:  Population 25 Years And Over","Educational Attainment","Professionalschooldegree","Professional school degree|SEX BY EDUCATIONAL ATTAINMENT FOR THE POPULATION 25 YEARS AND OVER"
"B15002.034.m","B15002",34,"B15002.034.m","MOE for Professional school degree","SEX BY EDUCATIONAL ATTAINMENT FOR THE POPULATION 25 YEARS AND OVER","Universe:  Population 25 Years And Over","Educational Attainment","MOE for Professionalschooldegree","MOE for Professional school degree|SEX BY EDUCATIONAL ATTAINMENT FOR THE POPULATION 25 YEARS AND OVER"
"B15002.035","B15002",35,"B15002.035","Doctorate degree","SEX BY EDUCATIONAL ATTAINMENT FOR THE POPULATION 25 YEARS AND OVER","Universe:  Population 25 Years And Over","Educational Attainment","Doctoratedegree","Doctorate degree|SEX BY EDUCATIONAL ATTAINMENT FOR THE POPULATION 25 YEARS AND OVER"
"B15002.035.m","B15002",35,"B15002.035.m","MOE for Doctorate degree","SEX BY EDUCATIONAL ATTAINMENT FOR THE POPULATION 25 YEARS AND OVER","Universe:  Population 25 Years And Over","Educational Attainment","MOE for Doctoratedegree","MOE for Doctorate degree|SEX BY EDUCATIONAL ATTAINMENT FOR THE POPULATION 25 YEARS AND OVER"
"C17002.001","C17002",1,"C17002.001","Total:","RATIO OF INCOME TO POVERTY LEVEL IN THE PAST 12 MONTHS","Universe:  Population For Whom Poverty Status Is Determined","Poverty","Total","Total:|RATIO OF INCOME TO POVERTY LEVEL IN THE PAST 12 MONTHS"
"C17002.001.m","C17002",1,"C17002.001.m","MOE for Total:","RATIO OF INCOME TO POVERTY LEVEL IN THE PAST 12 MONTHS","Universe:  Population For Whom Poverty Status Is Determined","Poverty","MOE for Total","MOE for Total:|RATIO OF INCOME TO POVERTY LEVEL IN THE PAST 12 MONTHS"
"C17002.002","C17002",2,"C17002.002","Under .50","RATIO OF INCOME TO POVERTY LEVEL IN THE PAST 12 MONTHS","Universe:  Population For Whom Poverty Status Is Determined","Poverty","Under.50","Under .50|RATIO OF INCOME TO POVERTY LEVEL IN THE PAST 12 MONTHS"
"C17002.002.m","C17002",2,"C17002.002.m","MOE for Under .50","RATIO OF INCOME TO POVERTY LEVEL IN THE PAST 12 MONTHS","Universe:  Population For Whom Poverty Status Is Determined","Poverty","MOE for Under.50","MOE for Under .50|RATIO OF INCOME TO POVERTY LEVEL IN THE PAST 12 MONTHS"
"C17002.003","C17002",3,"C17002.003",".50 to .99","RATIO OF INCOME TO POVERTY LEVEL IN THE PAST 12 MONTHS","Universe:  Population For Whom Poverty Status Is Determined","Poverty",".50to.99",".50 to .99|RATIO OF INCOME TO POVERTY LEVEL IN THE PAST 12 MONTHS"
"C17002.003.m","C17002",3,"C17002.003.m","MOE for .50 to .99","RATIO OF INCOME TO POVERTY LEVEL IN THE PAST 12 MONTHS","Universe:  Population For Whom Poverty Status Is Determined","Poverty","MOE for .50to.99","MOE for .50 to .99|RATIO OF INCOME TO POVERTY LEVEL IN THE PAST 12 MONTHS"
"C17002.004","C17002",4,"C17002.004","1.00 to 1.24","RATIO OF INCOME TO POVERTY LEVEL IN THE PAST 12 MONTHS","Universe:  Population For Whom Poverty Status Is Determined","Poverty","1.00to1.24","1.00 to 1.24|RATIO OF INCOME TO POVERTY LEVEL IN THE PAST 12 MONTHS"
"C17002.004.m","C17002",4,"C17002.004.m","MOE for 1.00 to 1.24","RATIO OF INCOME TO POVERTY LEVEL IN THE PAST 12 MONTHS","Universe:  Population For Whom Poverty Status Is Determined","Poverty","MOE for 1.00to1.24","MOE for 1.00 to 1.24|RATIO OF INCOME TO POVERTY LEVEL IN THE PAST 12 MONTHS"
"C17002.005","C17002",5,"C17002.005","1.25 to 1.49","RATIO OF INCOME TO POVERTY LEVEL IN THE PAST 12 MONTHS","Universe:  Population For Whom Poverty Status Is Determined","Poverty","1.25to1.49","1.25 to 1.49|RATIO OF INCOME TO POVERTY LEVEL IN THE PAST 12 MONTHS"
"C17002.005.m","C17002",5,"C17002.005.m","MOE for 1.25 to 1.49","RATIO OF INCOME TO POVERTY LEVEL IN THE PAST 12 MONTHS","Universe:  Population For Whom Poverty Status Is Determined","Poverty","MOE for 1.25to1.49","MOE for 1.25 to 1.49|RATIO OF INCOME TO POVERTY LEVEL IN THE PAST 12 MONTHS"
"C17002.006","C17002",6,"C17002.006","1.50 to 1.84","RATIO OF INCOME TO POVERTY LEVEL IN THE PAST 12 MONTHS","Universe:  Population For Whom Poverty Status Is Determined","Poverty","1.50to1.84","1.50 to 1.84|RATIO OF INCOME TO POVERTY LEVEL IN THE PAST 12 MONTHS"
"C17002.006.m","C17002",6,"C17002.006.m","MOE for 1.50 to 1.84","RATIO OF INCOME TO POVERTY LEVEL IN THE PAST 12 MONTHS","Universe:  Population For Whom Poverty Status Is Determined","Poverty","MOE for 1.50to1.84","MOE for 1.50 to 1.84|RATIO OF INCOME TO POVERTY LEVEL IN THE PAST 12 MONTHS"
"C17002.007","C17002",7,"C17002.007","1.85 to 1.99","RATIO OF INCOME TO POVERTY LEVEL IN THE PAST 12 MONTHS","Universe:  Population For Whom Poverty Status Is Determined","Poverty","1.85to1.99","1.85 to 1.99|RATIO OF INCOME TO POVERTY LEVEL IN THE PAST 12 MONTHS"
"C17002.007.m","C17002",7,"C17002.007.m","MOE for 1.85 to 1.99","RATIO OF INCOME TO POVERTY LEVEL IN THE PAST 12 MONTHS","Universe:  Population For Whom Poverty Status Is Determined","Poverty","MOE for 1.85to1.99","MOE for 1.85 to 1.99|RATIO OF INCOME TO POVERTY LEVEL IN THE PAST 12 MONTHS"
"C17002.008","C17002",8,"C17002.008","2.00 and over","RATIO OF INCOME TO POVERTY LEVEL IN THE PAST 12 MONTHS","Universe:  Population For Whom Poverty Status Is Determined","Poverty","2.00andover","2.00 and over|RATIO OF INCOME TO POVERTY LEVEL IN THE PAST 12 MONTHS"
"C17002.008.m","C17002",8,"C17002.008.m","MOE for 2.00 and over","RATIO OF INCOME TO POVERTY LEVEL IN THE PAST 12 MONTHS","Universe:  Population For Whom Poverty Status Is Determined","Poverty","MOE for 2.00andover","MOE for 2.00 and over|RATIO OF INCOME TO POVERTY LEVEL IN THE PAST 12 MONTHS"
"B25034.001","B25034",1,"B25034.001","Total:","YEAR STRUCTURE BUILT","Universe:  Housing Units","Housing","Total","Total:|YEAR STRUCTURE BUILT"
"B25034.001.m","B25034",1,"B25034.001.m","MOE for Total:","YEAR STRUCTURE BUILT","Universe:  Housing Units","Housing","MOE for Total","MOE for Total:|YEAR STRUCTURE BUILT"
"B25034.002","B25034",2,"B25034.002","Built 2014 or later","YEAR STRUCTURE BUILT","Universe:  Housing Units","Housing","Built2014orlater","Built 2014 or later|YEAR STRUCTURE BUILT"
"B25034.002.m","B25034",2,"B25034.002.m","MOE for Built 2014 or later","YEAR STRUCTURE BUILT","Universe:  Housing Units","Housing","MOE for Built2014orlater","MOE for Built 2014 or later|YEAR STRUCTURE BUILT"
"B25034.003","B25034",3,"B25034.003","Built 2010 to 2013","YEAR STRUCTURE BUILT","Universe:  Housing Units","Housing","Built2010to2013","Built 2010 to 2013|YEAR STRUCTURE BUILT"
"B25034.003.m","B25034",3,"B25034.003.m","MOE for Built 2010 to 2013","YEAR STRUCTURE BUILT","Universe:  Housing Units","Housing","MOE for Built2010to2013","MOE for Built 2010 to 2013|YEAR STRUCTURE BUILT"
"B25034.004","B25034",4,"B25034.004","Built 2000 to 2009","YEAR STRUCTURE BUILT","Universe:  Housing Units","Housing","Built2000to2009","Built 2000 to 2009|YEAR STRUCTURE BUILT"
"B25034.004.m","B25034",4,"B25034.004.m","MOE for Built 2000 to 2009","YEAR STRUCTURE BUILT","Universe:  Housing Units","Housing","MOE for Built2000to2009","MOE for Built 2000 to 2009|YEAR STRUCTURE BUILT"
"B25034.005","B25034",5,"B25034.005","Built 1990 to 1999","YEAR STRUCTURE BUILT","Universe:  Housing Units","Housing","Built1990to1999","Built 1990 to 1999|YEAR STRUCTURE BUILT"
"B25034.005.m","B25034",5,"B25034.005.m","MOE for Built 1990 to 1999","YEAR STRUCTURE BUILT","Universe:  Housing Units","Housing","MOE for Built1990to1999","MOE for Built 1990 to 1999|YEAR STRUCTURE BUILT"
"B25034.006","B25034",6,"B25034.006","Built 1980 to 1989","YEAR STRUCTURE BUILT","Universe:  Housing Units","Housing","Built1980to1989","Built 1980 to 1989|YEAR STRUCTURE BUILT"
"B25034.006.m","B25034",6,"B25034.006.m","MOE for Built 1980 to 1989","YEAR STRUCTURE BUILT","Universe:  Housing Units","Housing","MOE for Built1980to1989","MOE for Built 1980 to 1989|YEAR STRUCTURE BUILT"
"B25034.007","B25034",7,"B25034.007","Built 1970 to 1979","YEAR STRUCTURE BUILT","Universe:  Housing Units","Housing","Built1970to1979","Built 1970 to 1979|YEAR STRUCTURE BUILT"
"B25034.007.m","B25034",7,"B25034.007.m","MOE for Built 1970 to 1979","YEAR STRUCTURE BUILT","Universe:  Housing Units","Housing","MOE for Built1970to1979","MOE for Built 1970 to 1979|YEAR STRUCTURE BUILT"
"B25034.008","B25034",8,"B25034.008","Built 1960 to 1969","YEAR STRUCTURE BUILT","Universe:  Housing Units","Housing","Built1960to1969","Built 1960 to 1969|YEAR STRUCTURE BUILT"
"B25034.008.m","B25034",8,"B25034.008.m","MOE for Built 1960 to 1969","YEAR STRUCTURE BUILT","Universe:  Housing Units","Housing","MOE for Built1960to1969","MOE for Built 1960 to 1969|YEAR STRUCTURE BUILT"
"B25034.009","B25034",9,"B25034.009","Built 1950 to 1959","YEAR STRUCTURE BUILT","Universe:  Housing Units","Housing","Built1950to1959","Built 1950 to 1959|YEAR STRUCTURE BUILT"
"B25034.009.m","B25034",9,"B25034.009.m","MOE for Built 1950 to 1959","YEAR STRUCTURE BUILT","Universe:  Housing Units","Housing","MOE for Built1950to1959","MOE for Built 1950 to 1959|YEAR STRUCTURE BUILT"
"B25034.010","B25034",10,"B25034.010","Built 1940 to 1949","YEAR STRUCTURE BUILT","Universe:  Housing Units","Housing","Built1940to1949","Built 1940 to 1949|YEAR STRUCTURE BUILT"
"B25034.010.m","B25034",10,"B25034.010.m","MOE for Built 1940 to 1949","YEAR STRUCTURE BUILT","Universe:  Housing Units","Housing","MOE for Built1940to1949","MOE for Built 1940 to 1949|YEAR STRUCTURE BUILT"
"B25034.011","B25034",11,"B25034.011","Built 1939 or earlier","YEAR STRUCTURE BUILT","Universe:  Housing Units","Housing","Built1939orearlier","Built 1939 or earlier|YEAR STRUCTURE BUILT"
"B25034.011.m","B25034",11,"B25034.011.m","MOE for Built 1939 or earlier","YEAR STRUCTURE BUILT","Universe:  Housing Units","Housing","MOE for Built1939orearlier","MOE for Built 1939 or earlier|YEAR STRUCTURE BUILT"
